insert into
  works (
    slug,
    category,
    title,
    description,
    thumbnail_url,
    created_at,
    updated_at,
    published_at,
    unpublished_at
  )
values
  (
    'slug1',
    'development',
    '私は十一月どうもそんな答弁人というのの中に云いだべから。',
    'もう今で啓発式はいったいある批評ませないでもで立って出したには経験穿いたなて、それほどには並べたででしごとく。',
    '',
    '2019-01-01 00:00:00',
    '2019-01-01 00:00:00',
    '2019-01-01 00:00:00',
    null
  ),
  (
    'slug2',
    'development',
    '先生を聴くましのはしかるに多数をたといたました。',
    'それで不安をはその人間の自由自在奴婢が朝で忘れまし所がするからよほど活動参りがみよ今にきまっので。',
    '',
    '2019-01-02 00:00:00',
    '2019-01-02 00:00:00',
    '2019-01-02 00:00:00',
    null
  ),
  (
    'slug3',
    'philosophy',
    '私は十一月どうもそんな答弁人というのの中に云いだべから。',
    'もう今で啓発式はいったいある批評ませないでもで立って出したには経験穿いたなて、それほどには並べたででしごとく。',
    '',
    '2019-01-03 00:00:00',
    '2019-01-03 00:00:00',
    '2019-01-03 00:00:00',
    null
  ),
  (
    'slug4',
    'philosophy',
    'あいつで状態心にありまし表裏の中にその戦争的のでした。',
    '場合する来お漂を一時間京都日本人より程度にありて、釣主義を人間わありた時、自然釣がそれなが、それほど国民の真似もない、国家ばかり国家が来るば文芸にあっ疳に出はずがなるた、問題面白かろが二人はあなたにかけないない他人学に秋刀魚よ気がついて、そこなど来るばあるとなれましそうませ。',
    '',
    '2019-01-04 00:00:00',
    '2019-01-04 00:00:00',
    '2019-01-04 00:00:00',
    null
  ),
  (
    'slug5',
    'music',
    'もともと生れがどうもしておいました。',
    'よそ人も好きだ学校がなるば、無事ます逼がそれほど説明になるてい、しかしこのがたの垣覗き的また次的の希望の昨日云いておく。',
    '',
    '2019-01-05 00:00:00',
    '2019-01-05 00:00:00',
    '2019-01-05 00:00:00',
    null
  ),
  (
    'slug6',
    'photograph',
    'そんな個人もあなたって血たたか今日はいてならでです。',
    'こう好いは充分なけれうのでたます。みんなまで日本心のごまかしとかかかるているましあり。',
    '',
    '2019-01-06 00:00:00',
    '2019-01-06 00:00:00',
    '2019-01-06 00:00:00',
    null
  );

insert into
  tags (name)
values
  ('tag1'),
  ('tag2'),
  ('tag3'),
  ('tag4'),
  ('tag5'),
  ('tag6'),
  ('tag7'),
  ('tag8'),
  ('tag9'),
  ('tag10'),
  ('tag11'),
  ('tag12'),
  ('tag13'),
  ('tag14'),
  ('tag15'),
  ('tag16'),
  ('tag17'),
  ('tag18'),
  ('tag19'),
  ('tag20');

insert into
  taggings (tag_id, work_slug)
values
  (1, 'slug1'),
  (2, 'slug1'),
  (3, 'slug1'),
  (1, 'slug2'),
  (5, 'slug2'),
  (1, 'slug3'),
  (2, 'slug3'),
  (3, 'slug3'),
  (4, 'slug3'),
  (1, 'slug4'),
  (2, 'slug4'),
  (3, 'slug4'),
  (4, 'slug4'),
  (5, 'slug4'),
  (2, 'slug5'),
  (3, 'slug5'),
  (4, 'slug5'),
  (5, 'slug5'),
  (3, 'slug6'),
  (4, 'slug6'),
  (5, 'slug6');

update works set body = '## Headline 2

親譲りの無鉄砲で小供の時から損ばかりしている。  
小学校に居る時分学校の二階から飛び降りて一週間ほど腰を抜かした事がある。  
なぜそんな無闇をしたと聞く人があるかも知れぬ。別段深い理由でもない。  
新築の二階から首を出していたら、同級生の一人が冗談に、いくら威張っても、そこから飛び降りる事は出来まい。  
弱虫やーい。と囃したからである。  
小使に負ぶさって帰って来た時、おやじが大きな眼をして二階ぐらいから飛び降りて腰を抜かす奴があるかと云ったから、この次は抜かさずに飛んで見せますと答えた。（青空文庫より）

### Headline 3-1

Facilisis imperdiet porta facilisis conubia posuere non potenti tempor tortor, quis aenean egestas id lacinia dui conubia eros facilisis hac orci sem conubia consequat ad.

Eleifend congue parturient Quam condimentum duis hymenaeos vehicula platea. Ut, imperdiet ullamcorper tempor condimentum, iaculis. Hendrerit risus erat lorem, proin at phasellus, tristique hac dapibus congue etiam torquent cubilia facilisis porttitor dignissim est quam vehicula quam porta scelerisque natoque elit urna. Erat aenean integer. Eros interdum leo.

Iaculis nunc magnis lectus. Nisi ligula parturient quisque magnis sollicitudin sapien taciti eleifend dignissim integer. Hendrerit tincidunt lobortis diam varius ullamcorper facilisis. Interdum tempus magnis dictumst phasellus ultricies.

### Headline 3-2

Facilisis imperdiet porta facilisis conubia posuere non potenti tempor tortor, quis aenean egestas id lacinia dui conubia eros facilisis hac orci sem conubia consequat ad.

Eleifend congue parturient Quam condimentum duis hymenaeos vehicula platea. Ut, imperdiet ullamcorper tempor condimentum, iaculis. Hendrerit risus erat lorem, proin at phasellus, tristique hac dapibus congue etiam torquent cubilia facilisis porttitor dignissim est quam vehicula quam porta scelerisque natoque elit urna. Erat aenean integer. Eros interdum leo.

Iaculis nunc magnis lectus. Nisi ligula parturient quisque magnis sollicitudin sapien taciti eleifend dignissim integer. Hendrerit tincidunt lobortis diam varius ullamcorper facilisis. Interdum tempus magnis dictumst phasellus ultricies.

#### Headline 4

- list1
- list2
- list3
  - list3-1
  - list3-2
  - list3-3
-  list4

[google](http://www.google.com) is a search engine.

##### Headline 5

{{%
  "type": "text",
  "style": ["center", "gray"],
  "text": "The time to create a Markov Chain model from each of the dummy texts of 100, 500, and 1000 words."
%}}

![image](https://raw.githubusercontent.com/ichi-h/markov_rs/main/imgs/create_model.jpg)

## YouTube

{{% "type": "youtube", "id": "CvglW3KNSsQ" %}}

## Quote

> This is a quote.  
> This is a quote.  
> This is a quote.

## Code

```python
def main():
    print("Hello World!")
main()
```

## Link card

{{%
  "type": "linkCard",
  "href": "https://ichi-h.com",
  "title": "ichi-h.com",
  "description": "To live is to think and to create.",
  "thumbnailUrl": ""
%}}

{{%
  "type": "linkCard",
  "href": "https://ichi-h.com",
  "title": "ichi-h.com",
  "description": "To live is to think and to create.",
  "thumbnailUrl": "https://static.ichi-h.com/bg_ogp.jpg"
%}}

## Expand

{{% "type": "text", "style": ["bold"], "text": "強調" %}}

{{% "type": "text", "style": ["bold", "blue"], "text": "強調" %}}

{{% "type": "text", "style": ["bold", "blue", "3"], "text": "強調" %}}

{{% "type": "text", "style": ["bold", "red"], "text": "強調" %}}

{{% "type": "text", "style": ["bold", "red", "5"], "text": "強調" %}}

{{% "type": "text", "style": ["bold", "red", "8"], "text": "強調" %}}

{{% "type": "text", "style": ["bold", "red", "12"], "text": "強調" %}}

';
